{"stats":{"minecraft:killed":{"minecraft:sheep":4,"minecraft:pig":2},"minecraft:used":{"minecraft:wooden_axe":6,"minecraft:apple":4,"minecraft:oak_planks":2,"minecraft:wooden_pickaxe":28,"minecraft:cobblestone":12,"minecraft:dirt":22,"minecraft:mutton":6,"minecraft:sweet_berries":29,"minecraft:crafting_table":3,"minecraft:porkchop":4,"minecraft:oak_boat":1,"comforts:sleeping_bag_white":3,"minecraft:coarse_dirt":2,"minecraft:golden_pickaxe":32},"minecraft:broken":{"minecraft:golden_pickaxe":1},"minecraft:custom":{"minecraft:time_since_rest":4672,"minecraft:sprint_one_cm":174121,"minecraft:damage_taken":1210,"minecraft:walk_one_cm":171405,"minecraft:mob_kills":6,"minecraft:drop":4,"minecraft:damage_dealt":575,"minecraft:fly_one_cm":52355,"minecraft:swim_one_cm":8806,"minecraft:interact_with_crafting_table":3,"minecraft:open_chest":2,"minecraft:crouch_one_cm":1653,"minecraft:deaths":3,"minecraft:play_time":57249,"minecraft:sneak_time":355,"minecraft:walk_under_water_one_cm":5524,"minecraft:boat_one_cm":187204,"minecraft:jump":640,"minecraft:leave_game":1,"minecraft:time_since_death":4642,"minecraft:walk_on_water_one_cm":10806,"minecraft:sleep_in_bed":3,"minecraft:total_world_time":57249,"minecraft:fall_one_cm":13325},"minecraft:picked_up":{"minecraft:coarse_dirt":2,"minecraft:crafting_table":3,"minecraft:sweet_berries":30,"minecraft:porkchop":4,"minecraft:oak_log":17,"minecraft:dirt":24,"minecraft:dark_oak_planks":1,"minecraft:apple":1,"minecraft:decorated_pot":1,"minecraft:wheat_seeds":11,"minecraft:peony":4,"comforts:sleeping_bag_white":4,"minecraft:oak_sapling":2,"minecraft:mutton":6,"minecraft:black_wool":2,"minecraft:acacia_sapling":1,"minecraft:white_wool":3,"minecraft:cobblestone":28,"minecraft:wooden_axe":1},"minecraft:dropped":{"minecraft:sweet_berries":1,"minecraft:wooden_axe":1,"comforts:sleeping_bag_white":1,"minecraft:black_wool":1},"minecraft:killed_by":{"creeperoverhaul:ocean_creeper":1,"minecraft:zombie":2},"minecraft:mined":{"minecraft:large_fern":2,"minecraft:dark_oak_planks":1,"minecraft:coarse_dirt":2,"minecraft:acacia_leaves":1,"minecraft:sweet_berry_bush":15,"minecraft:birch_leaves":5,"minecraft:crafting_table":3,"minecraft:peony":5,"minecraft:grass":90,"minecraft:grass_block":17,"minecraft:oak_log":20,"minecraft:decorated_pot":1,"minecraft:vine":1,"minecraft:dirt":9,"minecraft:tall_grass":30,"minecraft:spruce_leaves":7,"minecraft:stone":30,"minecraft:oak_leaves":55,"minecraft:fern":3},"minecraft:crafted":{"minecraft:oak_boat":1,"minecraft:oak_planks":68,"minecraft:crafting_table":1,"minecraft:stick":48,"minecraft:wooden_pickaxe":1,"comforts:sleeping_bag_white":1,"minecraft:stone_pickaxe":1,"minecraft:wooden_axe":1,"minecraft:stone_sword":1,"minecraft:stone_axe":1}},"DataVersion":3465}