{"stats":{"minecraft:mined":{"minecraft:large_fern":2,"minecraft:acacia_leaves":41,"minecraft:yellow_wool":3,"minecraft:birch_log":7,"minecraft:birch_leaves":2,"minecraft:crafting_table":2,"minecraft:ladder":1,"minecraft:grass":25,"minecraft:acacia_log":7,"minecraft:grass_block":2,"minecraft:coal_ore":14,"minecraft:tall_grass":1,"minecraft:stone":7,"minecraft:fern":1},"minecraft:custom":{"minecraft:time_since_rest":3106,"minecraft:sprint_one_cm":73298,"minecraft:damage_taken":730,"minecraft:walk_one_cm":65590,"minecraft:mob_kills":5,"minecraft:damage_dealt":744,"minecraft:interact_with_crafting_table":3,"minecraft:fly_one_cm":30962,"minecraft:play_time":29754,"minecraft:deaths":3,"minecraft:jump":321,"minecraft:time_since_death":3066,"minecraft:climb_one_cm":31303,"minecraft:total_world_time":29754,"minecraft:fall_one_cm":8909},"minecraft:used":{"minecraft:wooden_axe":52,"minecraft:stone_pickaxe":75,"minecraft:ladder":1,"minecraft:wooden_pickaxe":8,"minecraft:dirt":1,"minecraft:crafting_table":3},"minecraft:killed_by":{"minecraft:pillager":1},"minecraft:broken":{"minecraft:wooden_axe":1},"minecraft:crafted":{"minecraft:crafting_table":1,"minecraft:stick":12,"minecraft:wooden_pickaxe":1,"minecraft:stone_pickaxe":1,"minecraft:wooden_axe":1,"minecraft:acacia_planks":28},"minecraft:killed":{"minecraft:pig":2,"minecraft:cow":3},"minecraft:picked_up":{"minecraft:birch_log":7,"minecraft:stick":1,"minecraft:crafting_table":2,"minecraft:ladder":1,"minecraft:yellow_wool":3,"minecraft:leather":2,"minecraft:acacia_log":7,"minecraft:porkchop":4,"minecraft:dirt":2,"minecraft:wheat_seeds":2,"minecraft:beef":3,"minecraft:acacia_sapling":10,"minecraft:coal":14,"minecraft:cobblestone":7}},"DataVersion":3465}