{"stats":{"minecraft:killed":{"minecraft:sheep":4,"minecraft:pig":1},"minecraft:used":{"minecraft:apple":1,"minecraft:dirt":9,"minecraft:mutton":6,"minecraft:sweet_berries":4,"minecraft:crafting_table":1,"minecraft:porkchop":3,"comforts:sleeping_bag_white":1,"minecraft:coarse_dirt":2},"minecraft:custom":{"minecraft:time_since_rest":5124,"minecraft:sprint_one_cm":49876,"minecraft:damage_taken":235,"minecraft:walk_one_cm":70415,"minecraft:mob_kills":5,"minecraft:drop":1,"minecraft:damage_dealt":506,"minecraft:fly_one_cm":18501,"minecraft:swim_one_cm":702,"minecraft:interact_with_crafting_table":1,"minecraft:crouch_one_cm":698,"minecraft:play_time":17098,"minecraft:sneak_time":220,"minecraft:walk_under_water_one_cm":1798,"minecraft:jump":279,"minecraft:time_since_death":17098,"minecraft:walk_on_water_one_cm":3637,"minecraft:sleep_in_bed":1,"minecraft:total_world_time":17098,"minecraft:fall_one_cm":5673},"minecraft:picked_up":{"minecraft:coarse_dirt":2,"minecraft:crafting_table":1,"minecraft:sweet_berries":13,"minecraft:porkchop":3,"minecraft:oak_log":17,"minecraft:dirt":12,"minecraft:apple":1,"minecraft:wheat_seeds":2,"minecraft:peony":4,"comforts:sleeping_bag_white":1,"minecraft:oak_sapling":2,"minecraft:mutton":6,"minecraft:black_wool":2,"minecraft:acacia_sapling":1,"minecraft:white_wool":3},"minecraft:dropped":{"minecraft:black_wool":1},"minecraft:mined":{"minecraft:coarse_dirt":2,"minecraft:acacia_leaves":1,"minecraft:sweet_berry_bush":8,"minecraft:birch_leaves":5,"minecraft:crafting_table":1,"minecraft:peony":5,"minecraft:grass":23,"minecraft:grass_block":11,"minecraft:oak_log":20,"minecraft:dirt":1,"minecraft:tall_grass":5,"minecraft:spruce_leaves":6,"minecraft:oak_leaves":52,"minecraft:fern":2},"minecraft:crafted":{"minecraft:oak_planks":44,"minecraft:crafting_table":1,"comforts:sleeping_bag_white":1}},"DataVersion":3465}