{"stats":{"minecraft:mined":{"minecraft:grass":6,"minecraft:large_fern":1,"minecraft:tall_grass":1,"minecraft:ladder":1},"minecraft:custom":{"minecraft:jump":141,"minecraft:time_since_rest":1598,"minecraft:damage_dealt":100,"minecraft:deaths":2,"minecraft:sprint_one_cm":42821,"minecraft:play_time":17754,"minecraft:damage_taken":460,"minecraft:time_since_death":1546,"minecraft:walk_one_cm":22722,"minecraft:climb_one_cm":31303,"minecraft:total_world_time":17754,"minecraft:mob_kills":1,"minecraft:fall_one_cm":6377,"minecraft:fly_one_cm":18597},"minecraft:used":{"minecraft:ladder":1},"minecraft:killed":{"minecraft:pig":1},"minecraft:picked_up":{"minecraft:porkchop":1,"minecraft:ladder":1}},"DataVersion":3465}