{"stats":{"minecraft:killed":{"minecraft:sheep":4,"minecraft:pig":2},"minecraft:used":{"minecraft:wooden_axe":4,"minecraft:apple":4,"minecraft:oak_planks":2,"minecraft:wooden_pickaxe":28,"minecraft:cobblestone":12,"minecraft:dirt":20,"minecraft:mutton":6,"minecraft:sweet_berries":29,"minecraft:crafting_table":3,"minecraft:porkchop":4,"comforts:sleeping_bag_white":3,"minecraft:coarse_dirt":2,"minecraft:golden_pickaxe":32},"minecraft:broken":{"minecraft:golden_pickaxe":1},"minecraft:custom":{"minecraft:time_since_rest":3667,"minecraft:sprint_one_cm":170296,"minecraft:damage_taken":485,"minecraft:walk_one_cm":160908,"minecraft:mob_kills":6,"minecraft:drop":4,"minecraft:damage_dealt":544,"minecraft:fly_one_cm":50468,"minecraft:swim_one_cm":8806,"minecraft:interact_with_crafting_table":3,"minecraft:open_chest":2,"minecraft:crouch_one_cm":1653,"minecraft:play_time":41098,"minecraft:sneak_time":351,"minecraft:walk_under_water_one_cm":5524,"minecraft:jump":607,"minecraft:time_since_death":41098,"minecraft:walk_on_water_one_cm":10806,"minecraft:sleep_in_bed":3,"minecraft:total_world_time":41098,"minecraft:fall_one_cm":12990},"minecraft:picked_up":{"minecraft:coarse_dirt":2,"minecraft:crafting_table":2,"minecraft:sweet_berries":30,"minecraft:porkchop":4,"minecraft:oak_log":17,"minecraft:dirt":20,"minecraft:dark_oak_planks":1,"minecraft:apple":1,"minecraft:decorated_pot":1,"minecraft:wheat_seeds":11,"minecraft:peony":4,"comforts:sleeping_bag_white":4,"minecraft:oak_sapling":2,"minecraft:mutton":6,"minecraft:black_wool":2,"minecraft:acacia_sapling":1,"minecraft:white_wool":3,"minecraft:cobblestone":28,"minecraft:wooden_axe":1},"minecraft:dropped":{"minecraft:sweet_berries":1,"minecraft:wooden_axe":1,"comforts:sleeping_bag_white":1,"minecraft:black_wool":1},"minecraft:mined":{"minecraft:large_fern":2,"minecraft:dark_oak_planks":1,"minecraft:coarse_dirt":2,"minecraft:acacia_leaves":1,"minecraft:sweet_berry_bush":15,"minecraft:birch_leaves":5,"minecraft:crafting_table":2,"minecraft:peony":5,"minecraft:grass":85,"minecraft:grass_block":15,"minecraft:oak_log":20,"minecraft:decorated_pot":1,"minecraft:vine":1,"minecraft:dirt":7,"minecraft:tall_grass":29,"minecraft:spruce_leaves":7,"minecraft:stone":30,"minecraft:oak_leaves":55,"minecraft:fern":3},"minecraft:crafted":{"minecraft:oak_boat":1,"minecraft:oak_planks":68,"minecraft:crafting_table":1,"minecraft:stick":48,"minecraft:wooden_pickaxe":1,"comforts:sleeping_bag_white":1,"minecraft:stone_pickaxe":1,"minecraft:wooden_axe":1}},"DataVersion":3465}