{"stats":{"minecraft:killed":{"minecraft:sheep":4,"minecraft:pig":2},"minecraft:used":{"minecraft:apple":1,"minecraft:dirt":14,"minecraft:mutton":6,"minecraft:sweet_berries":29,"minecraft:crafting_table":1,"minecraft:porkchop":3,"comforts:sleeping_bag_white":2,"minecraft:coarse_dirt":2},"minecraft:custom":{"minecraft:time_since_rest":4449,"minecraft:sprint_one_cm":146392,"minecraft:damage_taken":335,"minecraft:walk_one_cm":133511,"minecraft:mob_kills":6,"minecraft:drop":3,"minecraft:damage_dealt":518,"minecraft:fly_one_cm":38653,"minecraft:swim_one_cm":702,"minecraft:interact_with_crafting_table":1,"minecraft:open_chest":1,"minecraft:crouch_one_cm":698,"minecraft:play_time":29098,"minecraft:sneak_time":220,"minecraft:walk_under_water_one_cm":2393,"minecraft:jump":490,"minecraft:time_since_death":29098,"minecraft:walk_on_water_one_cm":3717,"minecraft:sleep_in_bed":2,"minecraft:total_world_time":29098,"minecraft:fall_one_cm":11678},"minecraft:picked_up":{"minecraft:coarse_dirt":2,"minecraft:crafting_table":1,"minecraft:sweet_berries":30,"minecraft:porkchop":4,"minecraft:oak_log":17,"minecraft:dirt":14,"minecraft:dark_oak_planks":1,"minecraft:apple":1,"minecraft:decorated_pot":1,"minecraft:wheat_seeds":2,"minecraft:peony":4,"comforts:sleeping_bag_white":3,"minecraft:oak_sapling":2,"minecraft:mutton":6,"minecraft:black_wool":2,"minecraft:acacia_sapling":1,"minecraft:white_wool":3},"minecraft:dropped":{"minecraft:sweet_berries":1,"comforts:sleeping_bag_white":1,"minecraft:black_wool":1},"minecraft:mined":{"minecraft:large_fern":2,"minecraft:dark_oak_planks":1,"minecraft:coarse_dirt":2,"minecraft:acacia_leaves":1,"minecraft:sweet_berry_bush":15,"minecraft:birch_leaves":5,"minecraft:crafting_table":1,"minecraft:peony":5,"minecraft:grass":23,"minecraft:grass_block":13,"minecraft:oak_log":20,"minecraft:decorated_pot":1,"minecraft:vine":1,"minecraft:dirt":1,"minecraft:tall_grass":5,"minecraft:spruce_leaves":7,"minecraft:oak_leaves":55,"minecraft:fern":3},"minecraft:crafted":{"minecraft:oak_planks":44,"minecraft:crafting_table":1,"comforts:sleeping_bag_white":1}},"DataVersion":3465}