{"stats":{"minecraft:custom":{"minecraft:time_since_rest":9068,"minecraft:sprint_one_cm":11339,"minecraft:damage_taken":90,"minecraft:walk_one_cm":18123,"minecraft:fly_one_cm":1610,"minecraft:interact_with_crafting_table":1,"minecraft:open_chest":1,"minecraft:play_time":9068,"minecraft:sneak_time":8,"minecraft:jump":34,"minecraft:leave_game":1,"minecraft:time_since_death":9068,"minecraft:total_world_time":9068,"minecraft:fall_one_cm":335},"minecraft:crafted":{"minecraft:crafting_table":1,"minecraft:spruce_planks":20,"minecraft:stick":4,"minecraft:wooden_pickaxe":1,"minecraft:wooden_axe":1},"minecraft:used":{"minecraft:wooden_axe":2,"minecraft:spruce_planks":1,"minecraft:wooden_pickaxe":8,"minecraft:gravel":2,"minecraft:dirt":7,"minecraft:crafting_table":1},"minecraft:mined":{"minecraft:large_fern":3,"minecraft:pink_petals":27,"minecraft:spruce_planks":1,"minecraft:sweet_berry_bush":7,"minecraft:spruce_log":7,"minecraft:crafting_table":1,"minecraft:peony":2,"minecraft:grass":2,"minecraft:grass_block":3,"minecraft:gravel":2,"minecraft:dirt":5,"minecraft:bamboo":1,"minecraft:spruce_leaves":9,"minecraft:stone":1},"minecraft:picked_up":{"minecraft:pink_petals":80,"minecraft:crafting_table":1,"minecraft:sweet_berries":17,"minecraft:gravel":2,"minecraft:spruce_log":5,"minecraft:dirt":8,"minecraft:wheat_seeds":1,"minecraft:peony":2,"minecraft:spruce_planks":1,"minecraft:bamboo":8,"minecraft:cobblestone":1}},"DataVersion":3465}